{"data_time": 0.19249081332236528, "eta_seconds": 1755.9994735568762, "fast_rcnn/cls_accuracy": 0.18369140625000002, "fast_rcnn/false_negative": 0.16157227974778735, "fast_rcnn/fg_cls_accuracy": 0.05030040204183042, "iteration": 19, "loss_box_reg": 0.24426013976335526, "loss_cls": 1.1553698778152466, "loss_mask": 0.6908426284790039, "loss_rpn_cls": 0.007564146537333727, "loss_rpn_loc": 0.014823243953287601, "lr": 4.99525e-06, "mask_rcnn/accuracy": 0.6213640900451001, "mask_rcnn/false_negative": 0.6820080102242569, "mask_rcnn/false_positive": 0.08290276801013692, "roi_head/num_bg_samples": 480.05, "roi_head/num_fg_samples": 31.95, "rpn/num_neg_anchors": 244.6, "rpn/num_pos_anchors": 11.4, "time": 0.8868684209883213, "total_loss": 2.105398577172309}
{"data_time": 0.1833159509114921, "eta_seconds": 1735.0459036417305, "fast_rcnn/cls_accuracy": 0.61796875, "fast_rcnn/false_negative": 0.4781936127744511, "fast_rcnn/fg_cls_accuracy": 0.03096003554719151, "iteration": 39, "loss_box_reg": 0.2434798628091812, "loss_cls": 0.9800586104393005, "loss_mask": 0.6817203760147095, "loss_rpn_cls": 0.007592058274894953, "loss_rpn_loc": 0.014805779326707125, "lr": 9.99025e-06, "mask_rcnn/accuracy": 0.8743857045673229, "mask_rcnn/false_negative": 0.0873376254455307, "mask_rcnn/false_positive": 0.12572463750284396, "roi_head/num_bg_samples": 479.8, "roi_head/num_fg_samples": 32.2, "rpn/num_neg_anchors": 244.85000000000002, "rpn/num_pos_anchors": 11.149999999999999, "time": 0.8837277451530099, "total_loss": 1.9207921116612852}
{"data_time": 0.19145431322976947, "eta_seconds": 1717.7245315909386, "fast_rcnn/cls_accuracy": 0.92177734375, "fast_rcnn/false_negative": 0.9494438220230473, "fast_rcnn/fg_cls_accuracy": 0.0, "iteration": 59, "loss_box_reg": 0.2474403828382492, "loss_cls": 0.6907693147659302, "loss_mask": 0.6612899899482727, "loss_rpn_cls": 0.009920977987349033, "loss_rpn_loc": 0.014621745329350233, "lr": 1.4985249999999999e-05, "mask_rcnn/accuracy": 0.8840569928735231, "mask_rcnn/false_negative": 0.06528952238173338, "mask_rcnn/false_positive": 0.1723881347829478, "roi_head/num_bg_samples": 479.29999999999995, "roi_head/num_fg_samples": 32.7, "rpn/num_neg_anchors": 244.5, "rpn/num_pos_anchors": 11.5, "time": 0.885425016283989, "total_loss": 1.6152662527747452}
{"data_time": 0.1852040495723486, "eta_seconds": 1696.718787252903, "fast_rcnn/cls_accuracy": 0.93515625, "fast_rcnn/false_negative": 1.0, "fast_rcnn/fg_cls_accuracy": 0.0, "iteration": 79, "loss_box_reg": 0.24688228964805603, "loss_cls": 0.44658827781677246, "loss_mask": 0.63311567902565, "loss_rpn_cls": 0.009175741113722324, "loss_rpn_loc": 0.013720642309635878, "lr": 1.9980250000000002e-05, "mask_rcnn/accuracy": 0.8799090563987635, "mask_rcnn/false_negative": 0.06156624456835, "mask_rcnn/false_positive": 0.1751094824686632, "roi_head/num_bg_samples": 478.9, "roi_head/num_fg_samples": 33.1, "rpn/num_neg_anchors": 245.75, "rpn/num_pos_anchors": 10.25, "time": 0.8802647828124464, "total_loss": 1.3424551910720766}
{"data_time": 0.18217355152592063, "eta_seconds": 1678.8659893907607, "fast_rcnn/cls_accuracy": 0.93388671875, "fast_rcnn/false_negative": 1.0, "fast_rcnn/fg_cls_accuracy": 0.0, "iteration": 99, "loss_box_reg": 0.25753043591976166, "loss_cls": 0.30102793872356415, "loss_mask": 0.597823292016983, "loss_rpn_cls": 0.009468195494264364, "loss_rpn_loc": 0.014346908777952194, "lr": 2.497525e-05, "mask_rcnn/accuracy": 0.8809021097792247, "mask_rcnn/false_negative": 0.06273171927213349, "mask_rcnn/false_positive": 0.17457799599051227, "roi_head/num_bg_samples": 478.15, "roi_head/num_fg_samples": 33.849999999999994, "rpn/num_neg_anchors": 244.95, "rpn/num_pos_anchors": 11.05, "time": 0.8810670077800751, "total_loss": 1.1652412181720138}
{"data_time": 0.17634935909882188, "eta_seconds": 1657.547183148563, "fast_rcnn/cls_accuracy": 0.93408203125, "fast_rcnn/false_negative": 1.0, "fast_rcnn/fg_cls_accuracy": 0.0, "iteration": 119, "loss_box_reg": 0.2552594840526581, "loss_cls": 0.24071913957595825, "loss_mask": 0.5549294948577881, "loss_rpn_cls": 0.008868905482813716, "loss_rpn_loc": 0.013329659588634968, "lr": 2.997025e-05, "mask_rcnn/accuracy": 0.8752491467231497, "mask_rcnn/false_negative": 0.06083010937152635, "mask_rcnn/false_positive": 0.18434711240811774, "roi_head/num_bg_samples": 478.25, "roi_head/num_fg_samples": 33.75, "rpn/num_neg_anchors": 245.8, "rpn/num_pos_anchors": 10.2, "time": 0.8737384444102645, "total_loss": 1.0705834843683988}
{"data_time": 0.17922008922323585, "eta_seconds": 1638.6175588611513, "fast_rcnn/cls_accuracy": 0.9326171875, "fast_rcnn/false_negative": 1.0, "fast_rcnn/fg_cls_accuracy": 0.0, "iteration": 139, "loss_box_reg": 0.25738362967967987, "loss_cls": 0.2126096859574318, "loss_mask": 0.5094060003757477, "loss_rpn_cls": 0.00937298545613885, "loss_rpn_loc": 0.013435507658869028, "lr": 3.4965250000000005e-05, "mask_rcnn/accuracy": 0.8833524359059794, "mask_rcnn/false_negative": 0.060474473412614166, "mask_rcnn/false_positive": 0.17503656163778142, "roi_head/num_bg_samples": 477.5, "roi_head/num_fg_samples": 34.5, "rpn/num_neg_anchors": 245.85000000000002, "rpn/num_pos_anchors": 10.149999999999999, "time": 0.879591996781528, "total_loss": 0.9946988304145634}
{"data_time": 0.18170729698613286, "eta_seconds": 1625.1262972131371, "fast_rcnn/cls_accuracy": 0.9315429687500001, "fast_rcnn/false_negative": 1.0, "fast_rcnn/fg_cls_accuracy": 0.0, "iteration": 159, "loss_box_reg": 0.2626711577177048, "loss_cls": 0.19578462839126587, "loss_mask": 0.45816874504089355, "loss_rpn_cls": 0.00754929194226861, "loss_rpn_loc": 0.014934337232261896, "lr": 3.996025e-05, "mask_rcnn/accuracy": 0.8891316637458307, "mask_rcnn/false_negative": 0.05723971986225571, "mask_rcnn/false_positive": 0.1693964961631385, "roi_head/num_bg_samples": 476.95000000000005, "roi_head/num_fg_samples": 35.05, "rpn/num_neg_anchors": 244.3, "rpn/num_pos_anchors": 11.7, "time": 0.886333177331835, "total_loss": 0.9319911778438836}
{"data_time": 0.19129748176783323, "eta_seconds": 1608.5848468635231, "fast_rcnn/cls_accuracy": 0.9296875, "fast_rcnn/false_negative": 1.0, "fast_rcnn/fg_cls_accuracy": 0.0, "iteration": 179, "loss_box_reg": 0.26492074131965637, "loss_cls": 0.18961773812770844, "loss_mask": 0.413566991686821, "loss_rpn_cls": 0.005171048687770963, "loss_rpn_loc": 0.012305825017392635, "lr": 4.4955249999999996e-05, "mask_rcnn/accuracy": 0.8926352879208364, "mask_rcnn/false_negative": 0.05736668764313361, "mask_rcnn/false_positive": 0.16054626284002338, "roi_head/num_bg_samples": 476.0, "roi_head/num_fg_samples": 36.0, "rpn/num_neg_anchors": 245.5, "rpn/num_pos_anchors": 10.5, "time": 0.8901037322357297, "total_loss": 0.8934376740362495}
{"data_time": 0.18841703236103058, "eta_seconds": 1592.6833203993738, "fast_rcnn/cls_accuracy": 0.9271484375, "fast_rcnn/false_negative": 1.0, "fast_rcnn/fg_cls_accuracy": 0.0, "iteration": 199, "loss_box_reg": 0.26879100501537323, "loss_cls": 0.17082470655441284, "loss_mask": 0.3591468334197998, "loss_rpn_cls": 0.003241033758968115, "loss_rpn_loc": 0.011727587785571814, "lr": 4.9950250000000005e-05, "mask_rcnn/accuracy": 0.9003295591635669, "mask_rcnn/false_negative": 0.05977296510592377, "mask_rcnn/false_positive": 0.14081368170546937, "roi_head/num_bg_samples": 474.7, "roi_head/num_fg_samples": 37.3, "rpn/num_neg_anchors": 245.4, "rpn/num_pos_anchors": 10.6, "time": 0.894133199006319, "total_loss": 0.8209707101341337}
